标题,来源,开始时间,结束时间,链接
﻿焦化公司西来峰焦化厂2021年5月复合二次缓冲床询价通知单采购,国能e购www.neep.shop,2021-05-19 09:41:33,2021-05-22 11:00:00,https://gd-prod.oss-cn-beijing.aliyuncs.com/upload/cms/article/inquireOne/2176935.html
﻿S广安公司三期氢站安全现状评价项目采购公告（第二次）,华电集团www.chdtp.com.cn,2021-05-19,,https://www.chdtp.com.cn/staticPage/ormd/2021/05/19/ormd_2761411_995865.html
土右公司干排渣机链板询价（第二次）,华电集团www.chdtp.com.cn,2021-05-19,,https://www.chdtp.com.cn/staticPage/ormd/2021/05/19/ormd_2760933_995509.html
土右公司除渣机齿轮询价（第二次）,华电集团www.chdtp.com.cn,2021-05-19,,https://www.chdtp.com.cn/staticPage/ormd/2021/05/19/ormd_2760932_995511.html
凝结水泵单元模块修复项目（第二次）,华电集团www.chdtp.com.cn,2021-05-19,,https://www.chdtp.com.cn/staticPage/ormd/2021/05/19/ormd_2760930_995489.html
分析仪器用密封杯CA-200(二次）,华电集团www.chdtp.com.cn,2021-05-19,,https://www.chdtp.com.cn/staticPage/ormd/2021/05/19/ormd_2760925_995473.html
华电联合北京中核项目进户大门采购（第二次）,华电集团www.chdtp.com.cn,2021-05-19,,https://www.chdtp.com.cn/staticPage/ormd/2021/05/19/ormd_2760967_995457.html
华电联合各项目部物资采购计划（第二次）,华电集团www.chdtp.com.cn,2021-05-19,,https://www.chdtp.com.cn/staticPage/ormd/2021/05/19/ormd_2760965_995448.html
华电联合北京通州北燃项目气体采购（第二次）,华电集团www.chdtp.com.cn,2021-05-19,,https://www.chdtp.com.cn/staticPage/ormd/2021/05/19/ormd_2760964_995449.html
华电联合北京中核项目宣传板制作采购（第二次）,华电集团www.chdtp.com.cn,2021-05-19,,https://www.chdtp.com.cn/staticPage/ormd/2021/05/19/ormd_2760963_995452.html
华电联合中核项目监控设备采购（第二次）,华电集团www.chdtp.com.cn,2021-05-19,,https://www.chdtp.com.cn/staticPage/ormd/2021/05/19/ormd_2760962_995454.html
华电联合北京中核项目厨房设备、排污泵等物资采购（第二次）,华电集团www.chdtp.com.cn,2021-05-19,,https://www.chdtp.com.cn/staticPage/ormd/2021/05/19/ormd_2760961_995456.html
继电保护故障信息处理系统子站配置更新询价（第二次）,华电集团www.chdtp.com.cn,2021-05-19,,https://www.chdtp.com.cn/staticPage/ormd/2021/05/19/ormd_2760958_995431.html
九江公司中和池技术改造（第二次）,华电集团www.chdtp.com.cn,2021-05-19,,https://www.chdtp.com.cn/staticPage/ormd/2021/05/19/ormd_2761015_995471.html
华电莱州工作船橡胶防撞块采购（第二次）,华电集团www.chdtp.com.cn,2021-05-19,,https://www.chdtp.com.cn/staticPage/ormd/2021/05/19/ormd_2761012_995469.html
气动执行机构膜片（热二100000362777）（第二次）,华电集团www.chdtp.com.cn,2021-05-19,,https://www.chdtp.com.cn/staticPage/ormd/2021/05/19/ormd_2761004_995445.html
温度传感器（综合100000374892）（第二次）,华电集团www.chdtp.com.cn,2021-05-19,,https://www.chdtp.com.cn/staticPage/ormd/2021/05/19/ormd_2761003_995447.html
输送机清扫器（锅炉100000372353）（第二次）,华电集团www.chdtp.com.cn,2021-05-19,,https://www.chdtp.com.cn/staticPage/ormd/2021/05/19/ormd_2761002_995450.html
截止阀、自动节能疏水器（第二次）,华电集团www.chdtp.com.cn,2021-05-19,,https://www.chdtp.com.cn/staticPage/ormd/2021/05/19/ormd_2760990_995442.html
截止阀盘根组件（第二次）,华电集团www.chdtp.com.cn,2021-05-19,,https://www.chdtp.com.cn/staticPage/ormd/2021/05/19/ormd_2761050_995438.html
国网能源伊犁煤电有限公司油封玻璃丝布等杂品采购项目（第二次）,华电集团www.chdtp.com.cn,2021-05-19,,https://www.chdtp.com.cn/staticPage/ormd/2021/05/19/ormd_2761180_995707.html
华电大厦浪涌保护器采购询价项目（第二次）,华电集团www.chdtp.com.cn,2021-05-19,,https://www.chdtp.com.cn/staticPage/ormd/2021/05/19/ormd_2761170_995590.html
华电莱州减速机维修件采购（第二次）,华电集团www.chdtp.com.cn,2021-05-19,,https://www.chdtp.com.cn/staticPage/ormd/2021/05/19/ormd_2761159_995679.html
厂区污水井清淤（第二次）,华电集团www.chdtp.com.cn,2021-05-19,,https://www.chdtp.com.cn/staticPage/ormd/2021/05/19/ormd_2761157_995692.html
铁岭公司1D、1E磨煤机均分器芯更换（w0427）二次,华电集团www.chdtp.com.cn,2021-05-19,,https://www.chdtp.com.cn/staticPage/ormd/2021/05/19/ormd_2761145_995541.html
铁岭公司3C、3D、4B磨煤机旋转喷嘴环改造（w0427）二次,华电集团www.chdtp.com.cn,2021-05-19,,https://www.chdtp.com.cn/staticPage/ormd/2021/05/19/ormd_2761144_995546.html
桓仁金山热电公司消防改造工程可研编制及设计服务（w0419）二次,华电集团www.chdtp.com.cn,2021-05-19,,https://www.chdtp.com.cn/staticPage/ormd/2021/05/19/ormd_2761142_995604.html
丹东金山热电公司2号炉脱硝上层催化剂安装（w0512）二次,华电集团www.chdtp.com.cn,2021-05-19,,https://www.chdtp.com.cn/staticPage/ormd/2021/05/19/ormd_2761140_995616.html
北京密云华电太阳能科技发展有限公司综合楼外墙修缮工程（第二次）,华电集团www.chdtp.com.cn,2021-05-19,,https://www.chdtp.com.cn/staticPage/ormd/2021/05/19/ormd_2761221_995709.html
华电丹东金山热电煤场扩容项目岩土工程勘察、测绘（第二次）,华电集团www.chdtp.com.cn,2021-05-19,,https://www.chdtp.com.cn/staticPage/ormd/2021/05/19/ormd_2761218_995564.html
协议转换器第二次询价,华电集团www.chdtp.com.cn,2021-05-19,,https://www.chdtp.com.cn/staticPage/ormd/2021/05/19/ormd_2761258_995589.html
机械机电产品采购项目（第二次）,华电集团www.chdtp.com.cn,2021-05-19,,https://www.chdtp.com.cn/staticPage/ormd/2021/05/19/ormd_2761297_995607.html
2021年5月电动闸阀（第二次）,华电集团www.chdtp.com.cn,2021-05-19,,https://www.chdtp.com.cn/staticPage/ormd/2021/05/19/ormd_2761376_995569.html
﻿2021年05月19日华能能源交通产业控股有限公司集团公司物资供应中心（山东区域）5月份集中物资供应--（包16）德州电厂机械密封等物资二次采购询价书询价公告,华能集团http://ec.chng.com.cn,2021-05-19,,http://ec.chng.com.cn/ecmall/announcement/announcementDetail.do?announcementId=11857698
2021年05月19日华能能源交通产业控股有限公司集团公司物资供应中心（山东区域）5月份集中物资供应--（包17）德州电厂单极离心泵备件等物资二次采购询价书询价公告,华能集团http://ec.chng.com.cn,2021-05-19,,http://ec.chng.com.cn/ecmall/announcement/announcementDetail.do?announcementId=11857639
2021年05月19日华能能源交通产业控股有限公司集团公司物资供应中心（山东区域）5月份集中物资供应--（包18）众泰电厂、八角电厂搅拌机备件等物资二次采购询价书询价公告,华能集团http://ec.chng.com.cn,2021-05-19,,http://ec.chng.com.cn/ecmall/announcement/announcementDetail.do?announcementId=11857620
2021年05月19日华能能源交通产业控股有限公司集团公司物资供应中心（山东区域）5月份集中物资供应--（包19）八角电厂管材、钢板等物资二次采购询价书询价公告,华能集团http://ec.chng.com.cn,2021-05-19,,http://ec.chng.com.cn/ecmall/announcement/announcementDetail.do?announcementId=11857615
2021年05月19日华能能源交通产业控股有限公司集团公司物资供应中心（山东区域）5月份集中物资供应--（包20）众泰电厂灭草剂二次采购询价书询价公告,华能集团http://ec.chng.com.cn,2021-05-19,,http://ec.chng.com.cn/ecmall/announcement/announcementDetail.do?announcementId=11857614
2021年05月19日华能山西综合能源有限责任公司黎城县盈恒清洁能源有限公司2021年度互联网专线采购（第二次）询价书询价公告,华能集团http://ec.chng.com.cn,2021-05-19,,http://ec.chng.com.cn/ecmall/announcement/announcementDetail.do?announcementId=11857604
2021年05月19日华能新能源股份有限公司山东分公司新能源山东分公司河口风电场35kV配电室照明改造-K3555询价书询价公告,华能集团http://ec.chng.com.cn,2021-05-19,,http://ec.chng.com.cn/ecmall/announcement/announcementDetail.do?announcementId=11857470
华能新疆哈密光伏电站35kV高压配电室地面维修延期询价公告202105190948,华能集团http://ec.chng.com.cn,2021-05-19,,http://ec.chng.com.cn/ecmall/announcement/announcementDetail.do?announcementId=11857006
2021年05月19日华能澜沧江水电股份有限公司景洪水电厂景洪电厂ONCALL预警系统优化升级（第二次询价）询价书询价公告,华能集团http://ec.chng.com.cn,2021-05-19,,http://ec.chng.com.cn/ecmall/announcement/announcementDetail.do?announcementId=11857160
﻿【内蒙古呼和浩特抽水蓄能发电有限责任公司3号、4号机组离相母线封闭母线密封性测试及外观防腐】二次招标公告,内蒙古电力集团http://impc.e-bidding.org/,2020-05-19,,http://impc.e-bidding.org/biddingBulletin/2021-05-19/57325.html
【锡林郭勒电业局2021年营销技术装备及备品备件采购项目2、5、11、12包（二次）】招标公告,内蒙古电力集团http://impc.e-bidding.org/,2020-05-19,,http://impc.e-bidding.org/biddingBulletin/2021-05-19/57322.html
【内蒙古电力（集团）有限责任公司乌海电业局配电终端接入自适应调试系统研制(三次）】招标公告,内蒙古电力集团http://impc.e-bidding.org/,2020-05-19,,http://impc.e-bidding.org/biddingBulletin/2021-05-19/57333.html
【内蒙古电力（集团）有限责任公司乌海电业局配电终端接入自适应调试系统硬件设备采购(三次）】招标公告,内蒙古电力集团http://impc.e-bidding.org/,2020-05-19,,http://impc.e-bidding.org/biddingBulletin/2021-05-19/57327.html
【鄂尔多斯电业局2021年固定资产投资项目生产三批消防早期预警系统采购二次】招标公告,内蒙古电力集团http://impc.e-bidding.org/,2020-05-19,,http://impc.e-bidding.org/biddingBulletin/2021-05-19/57326.html
